<?xml version="1.0" encoding="UTF-8"?>
<questions>
    <question difficulty="EASY">
        <topic>Mathematics</topic>
        <questionString>What is 2 + 2?</questionString>
        <option>5</option>
        <option answer="true">4</option>
        <option>6</option>
        <option>3</option>
    </question>
    <question difficulty="EASY">
        <topic>Mathematics</topic>
        <questionString>What is the square root of 16?</questionString>
        <option>2</option>
        <option answer="true">4</option>
        <option>8</option>
        <option>16</option>
    </question>
    <question difficulty="EASY">
        <topic>Mathematics</topic>
        <questionString>What is the value of π (pi) approximately?</questionString>
        <option>3.0</option>
        <option answer="true">3.14</option>
        <option>2.71</option>
        <option>4.0</option>
    </question>
    <question difficulty="EASY">
        <topic>Mathematics</topic>
        <questionString>What is 10 ÷ 2?</questionString>
        <option answer="true">5</option>
        <option>2</option>
        <option>4</option>
        <option>10</option>
    </question>
    <question difficulty="EASY">
        <topic>Mathematics</topic>
        <questionString>What is the perimeter of a rectangle with sides 5 and 10?</questionString>
        <option>25</option>
        <option>20</option>
        <option>15</option>
        <option answer="true">30</option>
    </question>
    <question difficulty="EASY">
        <topic>Mathematics</topic>
        <questionString>What is the result of 3 × 5?</questionString>
        <option>25</option>
        <option answer="true">15</option>
        <option>20</option>
        <option>10</option>
    </question>
    <question difficulty="EASY">
        <topic>Mathematics</topic>
        <questionString>What is the next prime number after 7?</questionString>
        <option answer="true">11</option>
        <option>8</option>
        <option>9</option>
        <option>13</option>
    </question>
    <question difficulty="EASY">
        <topic>Mathematics</topic>
        <questionString>What is the sum of the angles in a triangle?</questionString>
        <option answer="true">180°</option>
        <option>270°</option>
        <option>360°</option>
        <option>90°</option>
    </question>
    <question difficulty="EASY">
        <topic>Mathematics</topic>
        <questionString>What is 0.5 expressed as a fraction?</questionString>
        <option>1/4</option>
        <option answer="true">1/2</option>
        <option>1/3</option>
        <option>2/3</option>
    </question>
    <question difficulty="EASY">
        <topic>Mathematics</topic>
        <questionString>What is 7 squared?</questionString>
        <option>28</option>
        <option answer="true">49</option>
        <option>14</option>
        <option>21</option>
    </question>
    <question difficulty="MEDIUM">
        <topic>Mathematics</topic>
        <questionString>What is the value of 2^5?</questionString>
        <option>16</option>
        <option answer="true">32</option>
        <option>64</option>
        <option>128</option>
    </question>
    <question difficulty="MEDIUM">
        <topic>Mathematics</topic>
        <questionString>What is the area of a circle with radius 3 (π = 3.14)?</questionString>
        <option>9.42</option>
        <option answer="true">28.26</option>
        <option>18.84</option>
        <option>31.4</option>
    </question>
    <question difficulty="MEDIUM">
        <topic>Mathematics</topic>
        <questionString>What is the derivative of x²?</questionString>
        <option>1</option>
        <option>x</option>
        <option>x^2</option>
        <option answer="true">2x</option>
    </question>
    <question difficulty="MEDIUM">
        <topic>Mathematics</topic>
        <questionString>What is the solution to the equation 3x - 9 = 0?</questionString>
        <option>x = 9</option>
        <option>x = -3</option>
        <option>x = 0</option>
        <option answer="true">x = 3</option>
    </question>
    <question difficulty="MEDIUM">
        <topic>Mathematics</topic>
        <questionString>What is the hypotenuse of a right triangle with legs 3 and 4?</questionString>
        <option answer="true">5</option>
        <option>6</option>
        <option>8</option>
        <option>7</option>
    </question>
    <question difficulty="HARD">
        <topic>Mathematics</topic>
        <questionString>What is the determinant of a 2x2 matrix [[1,2],[3,4]]?</questionString>
        <option>0</option>
        <option answer="true">-2</option>
        <option>-1</option>
        <option>2</option>
    </question>
    <question difficulty="HARD">
        <topic>Mathematics</topic>
        <questionString>What is the integral of 2x dx?</questionString>
        <option answer="true">x² + C</option>
        <option>2x² + C</option>
        <option>x + C</option>
        <option>2x + C</option>
    </question>
    <question difficulty="HARD">
        <topic>Mathematics</topic>
        <questionString>What is the sum of the first 100 natural numbers?</questionString>
        <option>5000</option>
        <option>5055</option>
        <option answer="true">5050</option>
        <option>5005</option>
    </question>
    <question difficulty="VERY_HARD">
        <topic>Mathematics</topic>
        <questionString>What is the solution to the quadratic equation x² - 5x + 6 = 0?</questionString>
        <option answer="true">x = 2, 3</option>
        <option>x = -2, -3</option>
        <option>x = 1, 5</option>
        <option>x = 3, 2</option>
    </question>
    <question difficulty="VERY_HARD">
        <topic>Mathematics</topic>
        <questionString>What is the value of sin(90°)?</questionString>
        <option>0.5</option>
        <option>-1</option>
        <option>0</option>
        <option answer="true">1</option>
    </question>
    <question difficulty="VERY_HARD">
        <topic>Mathematics</topic>
        <questionString>What is the derivative of sin(x)?</questionString>
        <option>-cos(x)</option>
        <option answer="true">cos(x)</option>
        <option>-sin(x)</option>
        <option>sin(x)</option>
    </question>
    <question difficulty="VERY_HARD">
        <topic>Mathematics</topic>
        <questionString>What is the sum of the infinite geometric series 1 + 1/2 + 1/4 + ...?</questionString>
        <option>1.5</option>
        <option>1</option>
        <option>Infinity</option>
        <option answer="true">2</option>
    </question>
    <question difficulty="VERY_HARD">
        <topic>Mathematics</topic>
        <questionString>What is the factorial of 5 (5!)?</questionString>
        <option>60</option>
        <option>240</option>
        <option>20</option>
        <option answer="true">120</option>
    </question>
</questions>


