<?xml version="1.0" encoding="UTF-8"?>
<questions>
    <question difficulty="EASY">
        <topic>Electrical Engineering</topic>
        <questionString>What is the unit of electric current?</questionString>
        <option>Volt</option>
        <option answer="true">Ampere</option>
        <option>Ohm</option>
        <option>Watt</option>
    </question>
    <question difficulty="EASY">
        <topic>Electrical Engineering</topic>
        <questionString>What is the SI unit of resistance?</questionString>
        <option>Ampere</option>
        <option>Volt</option>
        <option answer="true">Ohm</option>
        <option>Farad</option>
    </question>
    <question difficulty="EASY">
        <topic>Electrical Engineering</topic>
        <questionString>Which device is used to measure electric current?</questionString>
        <option>Voltmeter</option>
        <option>Galvanometer</option>
        <option>Multimeter</option>
        <option answer="true">Ammeter</option>
    </question>
    <question difficulty="EASY">
        <topic>Electrical Engineering</topic>
        <questionString>What is the primary function of a diode?</questionString>
        <option>Convert AC to DC</option>
        <option>Store energy</option>
        <option>Increase resistance</option>
        <option answer="true">Allow current in one direction</option>
    </question>
    <question difficulty="EASY">
        <topic>Electrical Engineering</topic>
        <questionString>What is the power factor of a purely resistive circuit?</questionString>
        <option>Infinity</option>
        <option answer="true">1</option>
        <option>-1</option>
        <option>0</option>
    </question>
    <question difficulty="EASY">
        <topic>Electrical Engineering</topic>
        <questionString>What does a transformer primarily do?</questionString>
        <option>Convert AC to DC</option>
        <option>Store energy</option>
        <option answer="true">Change voltage levels</option>
        <option>Measure resistance</option>
    </question>
    <question difficulty="EASY">
        <topic>Electrical Engineering</topic>
        <questionString>Which law relates voltage, current, and resistance?</questionString>
        <option>Kirchhoff's Law</option>
        <option answer="true">Ohm's Law</option>
        <option>Ampere's Law</option>
        <option>Faraday's Law</option>
    </question>
    <question difficulty="EASY">
        <topic>Electrical Engineering</topic>
        <questionString>What is the frequency of standard AC power in most countries?</questionString>
        <option>100 Hz</option>
        <option>60 Hz</option>
        <option answer="true">50 Hz</option>
        <option>25 Hz</option>
    </question>
    <question difficulty="EASY">
        <topic>Electrical Engineering</topic>
        <questionString>Which component stores electrical energy?</questionString>
        <option>Resistor</option>
        <option>Transformer</option>
        <option answer="true">Capacitor</option>
        <option>Inductor</option>
    </question>
    <question difficulty="EASY">
        <topic>Electrical Engineering</topic>
        <questionString>What is the full form of LED?</questionString>
        <option>Low Energy Device</option>
        <option>Light Energy Device</option>
        <option>Luminance Emitting Diode</option>
        <option answer="true">Light Emitting Diode</option>
    </question>
    <question difficulty="MEDIUM">
        <topic>Electrical Engineering</topic>
        <questionString>What is the primary function of an inductor in a circuit?</questionString>
        <option>Convert AC to DC</option>
        <option>Measure resistance</option>
        <option>Block DC current</option>
        <option answer="true">Store magnetic energy</option>
    </question>
    <question difficulty="MEDIUM">
        <topic>Electrical Engineering</topic>
        <questionString>Which law states that the induced EMF is proportional to the rate of change of flux?</questionString>
        <option answer="true">Faraday's Law</option>
        <option>Ohm's Law</option>
        <option>Ampere's Law</option>
        <option>Kirchhoff's Law</option>
    </question>
    <question difficulty="MEDIUM">
        <topic>Electrical Engineering</topic>
        <questionString>What is the function of a rectifier circuit?</questionString>
        <option>Increase current</option>
        <option>Convert DC to AC</option>
        <option answer="true">Convert AC to DC</option>
        <option>Store energy</option>
    </question>
    <question difficulty="MEDIUM">
        <topic>Electrical Engineering</topic>
        <questionString>Which quantity does a voltmeter measure?</questionString>
        <option answer="true">Voltage</option>
        <option>Resistance</option>
        <option>Power</option>
        <option>Current</option>
    </question>
    <question difficulty="MEDIUM">
        <topic>Electrical Engineering</topic>
        <questionString>What does RMS stand for in electrical systems?</questionString>
        <option answer="true">Root Mean Square</option>
        <option>Resistance Mean Square</option>
        <option>Rectified Mean Signal</option>
        <option>Rotational Mechanical System</option>
    </question>
    <question difficulty="HARD">
        <topic>Electrical Engineering</topic>
        <questionString>What is the primary function of a Zener diode?</questionString>
        <option>Energy storage</option>
        <option>Current amplification</option>
        <option>AC to DC conversion</option>
        <option answer="true">Voltage regulation</option>
    </question>
    <question difficulty="HARD">
        <topic>Electrical Engineering</topic>
        <questionString>What is the typical voltage level for domestic power supply?</questionString>
        <option answer="true">220V</option>
        <option>110V</option>
        <option>440V</option>
        <option>12V</option>
    </question>
    <question difficulty="HARD">
        <topic>Electrical Engineering</topic>
        <questionString>What is the purpose of a three-phase power system?</questionString>
        <option>Convert AC to DC</option>
        <option answer="true">Provide consistent power</option>
        <option>Store energy</option>
        <option>Measure resistance</option>
    </question>
    <question difficulty="HARD">
        <topic>Electrical Engineering</topic>
        <questionString>Which law is the basis for the operation of an electric motor?</questionString>
        <option>Ohm's Law</option>
        <option answer="true">Lorentz Force Law</option>
        <option>Kirchhoff's Voltage Law</option>
        <option>Faraday's Law</option>
    </question>
    <question difficulty="VERY_HARD">
        <topic>Electrical Engineering</topic>
        <questionString>What is the skin effect in AC systems?</questionString>
        <option>Energy dissipates as heat</option>
        <option answer="true">Current density decreases at the center of a conductor</option>
        <option>Voltage drops across a resistor</option>
        <option>Magnetic field blocks current</option>
    </question>
    <question difficulty="VERY_HARD">
        <topic>Electrical Engineering</topic>
        <questionString>What is the role of reactive power in AC systems?</questionString>
        <option>Reduces power loss</option>
        <option>Generates heat</option>
        <option>Stabilizes voltage</option>
        <option answer="true">Balances energy flow</option>
    </question>
    <question difficulty="VERY_HARD">
        <topic>Electrical Engineering</topic>
        <questionString>What is the significance of the per-unit system in power systems?</questionString>
        <option>Measures resistance</option>
        <option answer="true">Simplifies calculations</option>
        <option>Stores energy</option>
        <option>Converts AC to DC</option>
    </question>
    <question difficulty="VERY_HARD">
        <topic>Electrical Engineering</topic>
        <questionString>What is the function of a synchronous condenser?</questionString>
        <option answer="true">Improves power factor</option>
        <option>Increases resistance</option>
        <option>Regulates voltage</option>
        <option>Converts DC to AC</option>
    </question>
    <question difficulty="VERY_HARD">
        <topic>Electrical Engineering</topic>
        <questionString>What is the impact of harmonics on power systems?</questionString>
        <option answer="true">Causes overheating</option>
        <option>Balances load</option>
        <option>Reduces power loss</option>
        <option>Stabilizes voltage</option>
    </question>
</questions>

