<?xml version="1.0" encoding="UTF-8"?>
<questions>
    <question difficulty="EASY">
        <topic>Computer Science</topic>
        <questionString>What is the full form of CPU?</questionString>
        <option>Computer Processing Unit</option>
        <option answer="true">Central Processing Unit</option>
        <option>Central Programming Unit</option>
        <option>Control Processing Unit</option>
    </question>
    <question difficulty="EASY">
        <topic>Computer Science</topic>
        <questionString>Which data structure uses LIFO principle?</questionString>
        <option>Queue</option>
        <option>Array</option>
        <option>Linked List</option>
        <option answer="true">Stack</option>
    </question>
    <question difficulty="EASY">
        <topic>Computer Science</topic>
        <questionString>Which protocol is used to send emails?</questionString>
        <option>HTTP</option>
        <option answer="true">SMTP</option>
        <option>FTP</option>
        <option>IMAP</option>
    </question>
    <question difficulty="EASY">
        <topic>Computer Science</topic>
        <questionString>What is the smallest unit of data in a computer?</questionString>
        <option>Kilobyte</option>
        <option>Byte</option>
        <option answer="true">Bit</option>
        <option>Megabyte</option>
    </question>
    <question difficulty="EASY">
        <topic>Computer Science</topic>
        <questionString>What does HTML stand for?</questionString>
        <option>Hyperlinks and Text Markup Language</option>
        <option>Hyper Transfer Markup Language</option>
        <option answer="true">Hyper Text Markup Language</option>
        <option>Home Tool Markup Language</option>
    </question>
    <question difficulty="EASY">
        <topic>Computer Science</topic>
        <questionString>Which programming language is known as the language of the web?</questionString>
        <option>Python</option>
        <option answer="true">JavaScript</option>
        <option>C++</option>
        <option>Ruby</option>
    </question>
    <question difficulty="MEDIUM">
        <topic>Computer Science</topic>
        <questionString>Which company developed the C programming language?</questionString>
        <option answer="true">Bell Labs</option>
        <option>IBM</option>
        <option>Apple</option>
        <option>Microsoft</option>
    </question>
    <question difficulty="MEDIUM">
        <topic>Computer Science</topic>
        <questionString>What is the main function of an operating system?</questionString>
        <option>To compile programs</option>
        <option>To connect to the internet</option>
        <option answer="true">To manage hardware and software resources</option>
        <option>To create documents</option>
    </question>
    <question difficulty="MEDIUM">
        <topic>Computer Science</topic>
        <questionString>Which logic gate outputs 1 only if all inputs are 1?</questionString>
        <option>OR</option>
        <option>XOR</option>
        <option>NAND</option>
        <option answer="true">AND</option>
    </question>
    <question difficulty="MEDIUM">
        <topic>Computer Science</topic>
        <questionString>What is the time complexity of binary search in a sorted array?</questionString>
        <option answer="true">O(log n)</option>
        <option>O(n)</option>
        <option>O(n log n)</option>
        <option>O(1)</option>
    </question>
    <question difficulty="MEDIUM">
        <topic>Computer Science</topic>
        <questionString>What is the primary purpose of DNS?</questionString>
        <option>To store passwords</option>
        <option answer="true">To translate domain names to IP addresses</option>
        <option>To compress data</option>
        <option>To manage user accounts</option>
    </question>
    <question difficulty="MEDIUM">
        <topic>Computer Science</topic>
        <questionString>Which algorithm is used to find the shortest path in a graph?</questionString>
        <option answer="true">Dijkstra's Algorithm</option>
        <option>Quick Sort</option>
        <option>Merge Sort</option>
        <option>Binary Search</option>
    </question>
    <question difficulty="MEDIUM">
        <topic>Computer Science</topic>
        <questionString>What is the default port number for HTTP?</questionString>
        <option>22</option>
        <option answer="true">80</option>
        <option>443</option>
        <option>8080</option>
    </question>
    <question difficulty="MEDIUM">
        <topic>Computer Science</topic>
        <questionString>Which type of memory is volatile?</questionString>
        <option answer="true">RAM</option>
        <option>ROM</option>
        <option>SSD</option>
        <option>Hard Disk</option>
    </question>
    <question difficulty="MEDIUM">
        <topic>Computer Science</topic>
        <questionString>What does SQL stand for?</questionString>
        <option>Simple Query Language</option>
        <option answer="true">Structured Query Language</option>
        <option>Structured Quick Language</option>
        <option>Sequential Query Language</option>
    </question>
    <question difficulty="HARD">
        <topic>Computer Science</topic>
        <questionString>Which layer of the OSI model is responsible for end-to-end communication?</questionString>
        <option>Session Layer</option>
        <option answer="true">Transport Layer</option>
        <option>Application Layer</option>
        <option>Network Layer</option>
    </question>
    <question difficulty="VERY_HARD">
        <topic>Computer Science</topic>
        <questionString>What is the Big O complexity of QuickSort in the worst case?</questionString>
        <option>O(n)</option>
        <option>O(log n)</option>
        <option answer="true">O(n^2)</option>
        <option>O(n log n)</option>
    </question>
    <question difficulty="HARD">
        <topic>Computer Science</topic>
        <questionString>Which cryptographic algorithm is used in Bitcoin for securing transactions?</questionString>
        <option>MD5</option>
        <option>AES</option>
        <option answer="true">SHA-256</option>
        <option>RSA</option>
    </question>
    <question difficulty="HARD">
        <topic>Computer Science</topic>
        <questionString>Which machine learning algorithm is typically used for classification problems?</questionString>
        <option answer="true">Support Vector Machines (SVM)</option>
        <option>K-Means</option>
        <option>Linear Regression</option>
        <option>Random Forest</option>
    </question>
    <question difficulty="HARD">
        <topic>Computer Science</topic>
        <questionString>What is a deadlock in operating systems?</questionString>
        <option>A system crash due to overload</option>
        <option>A loop in code</option>
        <option answer="true">A situation where processes wait indefinitely for resources</option>
        <option>A memory leak</option>
    </question>
</questions>
