<?xml version="1.0" encoding="UTF-8"?>
<questions>
    <question difficulty="EASY">
        <topic>English</topic>
        <questionString>What is the plural form of 'child'?</questionString>
        <option answer="true">children</option>
        <option>childs</option>
        <option>childs'</option>
        <option>childes</option>
    </question>
    <question difficulty="EASY">
        <topic>English</topic>
        <questionString>Which of the following is a synonym for 'happy'?</questionString>
        <option>sad</option>
        <option answer="true">joyful</option>
        <option>angry</option>
        <option>tired</option>
    </question>
    <question difficulty="EASY">
        <topic>English</topic>
        <questionString>What is the antonym of 'cold'?</questionString>
        <option>warm</option>
        <option>freezing</option>
        <option answer="true">hot</option>
        <option>chilly</option>
    </question>
    <question difficulty="EASY">
        <topic>English</topic>
        <questionString>Which part of speech is the word 'quickly'?</questionString>
        <option answer="true">adverb</option>
        <option>adjective</option>
        <option>noun</option>
        <option>verb</option>
    </question>
    <question difficulty="EASY">
        <topic>English</topic>
        <questionString>What is the past tense of 'run'?</questionString>
        <option>runs</option>
        <option>running</option>
        <option answer="true">ran</option>
        <option>ranned</option>
    </question>
    <question difficulty="EASY">
        <topic>English</topic>
        <questionString>Which word is a verb?</questionString>
        <option answer="true">walk</option>
        <option>beautiful</option>
        <option>quickly</option>
        <option>happiness</option>
    </question>
    <question difficulty="EASY">
        <topic>English</topic>
        <questionString>Which sentence is grammatically correct?</questionString>
        <option answer="true">She runs fast.</option>
        <option>She run fast.</option>
        <option>She running fast.</option>
        <option>She fast running.</option>
    </question>
    <question difficulty="EASY">
        <topic>English</topic>
        <questionString>What is the article in the sentence 'A cat is on the roof.'?</questionString>
        <option answer="true">A</option>
        <option>cat</option>
        <option>is</option>
        <option>roof</option>
    </question>
    <question difficulty="EASY">
        <topic>English</topic>
        <questionString>Which punctuation mark ends an interrogative sentence?</questionString>
        <option answer="true">question mark</option>
        <option>period</option>
        <option>comma</option>
        <option>exclamation mark</option>
    </question>
    <question difficulty="EASY">
        <topic>English</topic>
        <questionString>What is the subject in the sentence 'The dog barked loudly.'?</questionString>
        <option answer="true">The dog</option>
        <option>barked</option>
        <option>loudly</option>
        <option>The</option>
    </question>
    <question difficulty="MEDIUM">
        <topic>English</topic>
        <questionString>Which word is a conjunction?</questionString>
        <option>run</option>
        <option>happy</option>
        <option answer="true">and</option>
        <option>dog</option>
    </question>
    <question difficulty="MEDIUM">
        <topic>English</topic>
        <questionString>What is the meaning of the idiom 'spill the beans'?</questionString>
        <option>make a mess</option>
        <option answer="true">reveal a secret</option>
        <option>drop something</option>
        <option>cook beans</option>
    </question>
    <question difficulty="MEDIUM">
        <topic>English</topic>
        <questionString>What is the comparative form of 'good'?</questionString>
        <option answer="true">better</option>
        <option>best</option>
        <option>gooder</option>
        <option>more good</option>
    </question>
    <question difficulty="MEDIUM">
        <topic>English</topic>
        <questionString>What is the correct spelling?</questionString>
        <option>acommodate</option>
        <option>acomodate</option>
        <option answer="true">accommodate</option>
        <option>acomadate</option>
    </question>
    <question difficulty="MEDIUM">
        <topic>English</topic>
        <questionString>What is a homophone of 'pair'?</questionString>
        <option>pare</option>
        <option>peer</option>
        <option>pair</option>
        <option answer="true">pear</option>
    </question>
    <question difficulty="HARD">
        <topic>English</topic>
        <questionString>What is the term for a word that has the opposite meaning of another?</questionString>
        <option answer="true">antonym</option>
        <option>synonym</option>
        <option>homonym</option>
        <option>adjective</option>
    </question>
    <question difficulty="HARD">
        <topic>English</topic>
        <questionString>Which sentence uses a subjunctive mood?</questionString>
        <option answer="true">If I were you, I would apologize.</option>
        <option>I am happy.</option>
        <option>She runs fast.</option>
        <option>They were dancing.</option>
    </question>
    <question difficulty="HARD">
        <topic>English</topic>
        <questionString>What is the past participle of 'write'?</questionString>
        <option answer="true">written</option>
        <option>wrote</option>
        <option>writes</option>
        <option>writing</option>
    </question>
    <question difficulty="HARD">
        <topic>English</topic>
        <questionString>Which type of clause is 'because she was tired'?</questionString>
        <option answer="true">dependent clause</option>
        <option>independent clause</option>
        <option>relative clause</option>
        <option>noun clause</option>
    </question>
    <question difficulty="VERY_HARD">
        <topic>English</topic>
        <questionString>What is the term for a word that sounds the same but has a different meaning?</questionString>
        <option answer="true">homonym</option>
        <option>antonym</option>
        <option>synonym</option>
        <option>adjective</option>
    </question>
    <question difficulty="VERY_HARD">
        <topic>English</topic>
        <questionString>What is the origin of the word 'etymology'?</questionString>
        <option answer="true">Greek</option>
        <option>Latin</option>
        <option>French</option>
        <option>Old English</option>
    </question>
    <question difficulty="VERY_HARD">
        <topic>English</topic>
        <questionString>Which of the following is a subordinating conjunction?</questionString>
        <option answer="true">although</option>
        <option>and</option>
        <option>but</option>
        <option>or</option>
    </question>
    <question difficulty="VERY_HARD">
        <topic>English</topic>
        <questionString>What is the name for a verb form that acts as a noun?</questionString>
        <option>participle</option>
        <option>infinitive</option>
        <option answer="true">gerund</option>
        <option>conjugation</option>
    </question>
    <question difficulty="VERY_HARD">
        <topic>English</topic>
        <questionString>Which rhetorical device is a comparison using 'like' or 'as'?</questionString>
        <option>metaphor</option>
        <option>alliteration</option>
        <option answer="true">simile</option>
        <option>hyperbole</option>
    </question>
</questions>
